area,pop_under_3,snap_under_5,wic_infants,tanf_under_3,single_parent_households,under_3_fed_support,diaper_cost_of_tanf,immunization
TN,241516,14.000000000000002,26.0,30.0,40.0,41.0,28.999999999999996,72.0
US,11752545,13.0,23.0,32.0,44.0,28.000000000000004,28.999999999999996,80.0
